Date,DATA
23-Feb,35
24-Feb,53
25-Feb,57
26-Feb,60
27-Feb,60
28-Feb,63
29-Feb,68
1-Mar,75
2-Mar,100
3-Mar,124
4-Mar,158
5-Mar,221
6-Mar,319
7-Mar,435
8-Mar,541
9-Mar,704
10-Mar,994
11-Mar,1301
12-Mar,1697
13-Mar,2247
14-Mar,2943
15-Mar,3680
16-Mar,4663
17-Mar,6411
18-Mar,9259
19-Mar,13789
20-Mar,19383
21-Mar,24207
22-Mar,33546
23-Mar,43734
24-Mar,54856
25-Mar,68211
26-Mar,85435
27-Mar,104126
28-Mar,123578
29-Mar,143491
30-Mar,163844
31-Mar,188530
1-Apr,215003
2-Apr,244877
3-Apr,277161
4-Apr,311357
5-Apr,336673
6-Apr,367004
7-Apr,400335
8-Apr,434927
9-Apr,468566
10-Apr,502876
11-Apr,532879
12-Apr,560300
13-Apr,586941
14-Apr,617661
15-Apr,648003
16-Apr,677570
17-Apr,709735
18-Apr,738792
19-Apr,764636
20-Apr,792759
21-Apr,818744
22-Apr,848717
23-Apr,886442
